Open,High,Low,Close,Adj Close,Volume
34.099998474121094,34.25,33.849998474121094,33.95000076293945,33.95000076293945,10810
